{
    "ETF波动率": 7.954202785832964,
    "可转债平均涨幅": -0.014312462177602231,
    "正股平均涨幅": -0.01080660493892778,
    "STstar": -0.008014371602268774,
    "ST": -0.014866625610377883,
    "chongzheng": -0.012212588785370487,
    "etf": "有色化工证券"
}