{
    "ETF波动率": 1.316775057669141,
    "etf": "半导体通信煤炭电力卫星绿电软件旅游军工光伏电网设备",
    "可转债平均涨幅": 0.0016915517775537806,
    "正股平均涨幅": 0.001141658771898687,
    "STstar": 0.0007737752313263205,
    "ST": -0.010927347721581087,
    "chongzheng": 0.0006124792690900867
}